{"initial_reset_timestamp": 1561685867.1497397, "timestamps": [1561685867.1517653, 1561685867.3790982, 1561685867.448844, 1561685867.5224438, 1561685867.5760605, 1561685867.6074367, 1561685867.6386664, 1561685867.6781254, 1561685867.7047596, 1561685867.727449, 1561685867.7679877, 1561685867.8063226, 1561685867.8377469, 1561685867.8694355, 1561685867.9033875, 1561685867.9348772, 1561685867.963191, 1561685867.9902587, 1561685868.0170166, 1561685868.0485668, 1561685868.1184695, 1561685868.138225, 1561685868.1623197, 1561685868.1934147, 1561685868.2096515, 1561685868.2352724, 1561685868.2586699, 1561685868.2824407, 1561685868.3025513, 1561685868.340165, 1561685868.3584507, 1561685868.3764012, 1561685868.4340038, 1561685868.4545548, 1561685868.5200398, 1561685868.5829554, 1561685868.6492498, 1561685868.7226973, 1561685868.8097825, 1561685868.911581, 1561685869.0280952, 1561685869.4338334, 1561685869.5203252, 1561685869.6421328, 1561685869.874593, 1561685870.139655, 1561685870.278226, 1561685870.4363902, 1561685870.5007422, 1561685870.7527566, 1561685870.9227042, 1561685871.121362, 1561685871.2114182, 1561685871.3190553, 1561685871.4344833, 1561685871.5839007, 1561685871.7122083, 1561685872.0610342, 1561685872.214103, 1561685872.292253, 1561685872.5027833, 1561685872.5840816, 1561685872.8236427, 1561685873.029972, 1561685873.1827447, 1561685873.4472156, 1561685873.57686, 1561685873.7304554, 1561685873.8346896, 1561685874.000516, 1561685874.1685479, 1561685874.308699, 1561685874.4162097, 1561685874.4575744, 1561685874.4975395, 1561685874.7071075, 1561685874.7571125, 1561685875.055718, 1561685875.1692703, 1561685875.318178, 1561685875.3729308, 1561685875.5648572, 1561685875.6593754, 1561685875.7884464, 1561685876.0463986, 1561685876.1241848, 1561685876.2242856, 1561685876.2904437, 1561685876.373941, 1561685876.5908024, 1561685876.8098156, 1561685876.9346316, 1561685877.0587676, 1561685877.1810424, 1561685877.2986884, 1561685877.4455452, 1561685877.5896413, 1561685877.6991377, 1561685877.9330828, 1561685878.067296, 1561685878.1716006, 1561685878.349383, 1561685878.5542989, 1561685878.6625104, 1561685878.6935942, 1561685878.8526652, 1561685878.9993334, 1561685879.0713196, 1561685879.3543339, 1561685879.4623344, 1561685879.5981045, 1561685879.698234, 1561685879.820487, 1561685879.9476252, 1561685880.1027293, 1561685880.230013, 1561685880.3825643, 1561685880.4048972, 1561685880.520578, 1561685880.6487281, 1561685880.8225808, 1561685880.9947338, 1561685881.259947, 1561685881.415546, 1561685881.5372753, 1561685881.659542, 1561685881.7794192, 1561685882.0401032, 1561685882.2030075, 1561685882.3403523, 1561685882.496358, 1561685882.7007182, 1561685882.825174, 1561685882.994848, 1561685883.065862, 1561685883.1764703, 1561685883.33279, 1561685883.5516686, 1561685883.6451488, 1561685883.8026652, 1561685883.92418, 1561685884.093794, 1561685884.3451612, 1561685884.485225, 1561685884.606067, 1561685884.7408078, 1561685884.9732113, 1561685885.1212978, 1561685885.3753595, 1561685885.5679922, 1561685885.6901321, 1561685885.8030705, 1561685885.938671, 1561685886.1521308, 1561685886.1702566, 1561685886.2721026, 1561685886.2902222, 1561685886.4204974, 1561685886.550384, 1561685886.767626, 1561685886.875151, 1561685887.0850596, 1561685887.269509, 1561685887.3869488, 1561685887.4545367, 1561685887.7051494, 1561685887.7980583, 1561685888.0143242, 1561685888.157412, 1561685888.2548203, 1561685888.4396513, 1561685888.6911316], "episode_lengths": [26, 53, 37, 38, 28, 16, 16, 20, 14, 12, 21, 19, 16, 16, 17, 16, 14, 13, 14, 16, 34, 10, 12, 15, 8, 13, 12, 11, 10, 18, 9, 9, 28, 10, 32, 30, 32, 35, 42, 49, 58, 200, 42, 60, 115, 129, 67, 75, 31, 119, 81, 96, 43, 51, 55, 66, 63, 166, 71, 39, 100, 39, 115, 98, 73, 121, 63, 68, 48, 78, 81, 66, 51, 19, 19, 101, 25, 142, 53, 71, 26, 92, 46, 63, 123, 37, 48, 32, 40, 104, 106, 61, 61, 58, 56, 70, 69, 52, 113, 65, 51, 85, 97, 52, 15, 76, 71, 34, 135, 53, 65, 48, 60, 62, 76, 60, 73, 11, 55, 58, 83, 83, 127, 73, 58, 59, 57, 125, 78, 67, 75, 98, 60, 83, 34, 53, 76, 104, 45, 75, 58, 82, 116, 67, 58, 65, 112, 71, 124, 95, 60, 55, 68, 106, 9, 50, 9, 64, 62, 104, 51, 101, 90, 57, 33, 119, 44, 103, 69, 47, 89, 122], "episode_rewards": [26.0, 53.0, 37.0, 38.0, 28.0, 16.0, 16.0, 20.0, 14.0, 12.0, 21.0, 19.0, 16.0, 16.0, 17.0, 16.0, 14.0, 13.0, 14.0, 16.0, 34.0, 10.0, 12.0, 15.0, 8.0, 13.0, 12.0, 11.0, 10.0, 18.0, 9.0, 9.0, 28.0, 10.0, 32.0, 30.0, 32.0, 35.0, 42.0, 49.0, 58.0, 200.0, 42.0, 60.0, 115.0, 129.0, 67.0, 75.0, 31.0, 119.0, 81.0, 96.0, 43.0, 51.0, 55.0, 66.0, 63.0, 166.0, 71.0, 39.0, 100.0, 39.0, 115.0, 98.0, 73.0, 121.0, 63.0, 68.0, 48.0, 78.0, 81.0, 66.0, 51.0, 19.0, 19.0, 101.0, 25.0, 142.0, 53.0, 71.0, 26.0, 92.0, 46.0, 63.0, 123.0, 37.0, 48.0, 32.0, 40.0, 104.0, 106.0, 61.0, 61.0, 58.0, 56.0, 70.0, 69.0, 52.0, 113.0, 65.0, 51.0, 85.0, 97.0, 52.0, 15.0, 76.0, 71.0, 34.0, 135.0, 53.0, 65.0, 48.0, 60.0, 62.0, 76.0, 60.0, 73.0, 11.0, 55.0, 58.0, 83.0, 83.0, 127.0, 73.0, 58.0, 59.0, 57.0, 125.0, 78.0, 67.0, 75.0, 98.0, 60.0, 83.0, 34.0, 53.0, 76.0, 104.0, 45.0, 75.0, 58.0, 82.0, 116.0, 67.0, 58.0, 65.0, 112.0, 71.0, 124.0, 95.0, 60.0, 55.0, 68.0, 106.0, 9.0, 50.0, 9.0, 64.0, 62.0, 104.0, 51.0, 101.0, 90.0, 57.0, 33.0, 119.0, 44.0, 103.0, 69.0, 47.0, 89.0, 122.0], "episode_types": ["t", "t", "t", "t", "t", "t", "t", "t", "t", "t", "t", "t", "t", "t", "t", "t", "t", "t", "t", "t", "t", "t", "t", "t", "t", "t", "t", "t", "t", "t", "t", "t", "t", "t", "t", "t", "t", "t", "t", "t", "t", "t", "t", "t", "t", "t", "t", "t", "t", "t", "t", "t", "t", "t", "t", "t", "t", "t", "t", "t", "t", "t", "t", "t", "t", "t", "t", "t", "t", "t", "t", "t", "t", "t", "t", "t", "t", "t", "t", "t", "t", "t", "t", "t", "t", "t", "t", "t", "t", "t", "t", "t", "t", "t", "t", "t", "t", "t", "t", "t", "t", "t", "t", "t", "t", "t", "t", "t", "t", "t", "t", "t", "t", "t", "t", "t", "t", "t", "t", "t", "t", "t", "t", "t", "t", "t", "t", "t", "t", "t", "t", "t", "t", "t", "t", "t", "t", "t", "t", "t", "t", "t", "t", "t", "t", "t", "t", "t", "t", "t", "t", "t", "t", "t", "t", "t", "t", "t", "t", "t", "t", "t", "t", "t", "t", "t", "t", "t", "t", "t", "t", "t", "t"]}